User ID,Side-quest Engagement,Guild Membership,In-game Purchases
48c3e08f,high,member,156.77
4e94a1ac,low,nonmember,34.89
232bb5de,high,member,172.86
f934abd7,low,member,215.74
e562324f,high,member,201.07
fdc8244d,low,nonmember,0
8bdb55f2,low,nonmember,21.42
565395fc,low,nonmember,10.32
6fd62a33,high,member,118.02
71153e57,high,member,108.87
8f9491e0,low,member,222.7
51086ae0,low,nonmember,0
591cfdc0,low,nonmember,54.06
982cba4d,high,member,119.92
0d1dc70d,high,member,284.55
089a9b9a,high,member,56.65
710600a4,high,member,176.69
1a2c7e75,low,nonmember,57.75
9f3cc39b,high,member,57.52
8795ad71,high,member,97.53
83f9f859,high,member,112.13
338ba691,high,member,130.77
98827196,high,member,120.79
9cd08e44,high,nonmember,53.63
d688fbcb,low,nonmember,37.81
a0e1243a,high,member,95.48
c3e76f31,low,nonmember,15.57
3b51510b,low,nonmember,7.49
b0c4dd5b,high,member,95.92
952d1a16,low,nonmember,58.68
b5124ed3,high,member,231.89
47623d1f,low,nonmember,76.08
15ec2551,low,nonmember,18.78
fe4be747,high,member,123.48
bd3126f4,low,nonmember,84.31
e6e658e2,low,nonmember,40.74
1f2a5690,low,member,220.19
77ca1a19,low,nonmember,114.3
7caaf6ac,low,nonmember,2.76
ceb8b49a,low,nonmember,79.11
8a56cfc5,low,nonmember,7.28
611a0ee3,high,member,146.17
896c1159,low,nonmember,52.46
c1ad74a7,low,nonmember,49.71
9338a928,high,member,218.95
d6a42b2f,high,nonmember,53.78
00cff2f3,high,nonmember,61.72
99724e22,high,member,160.44
2c917873,low,nonmember,73.26
f384e77a,low,nonmember,8.04
d6264a39,high,nonmember,52.52
0e4f6292,high,member,196.18
8f62174b,low,nonmember,16.32
4383562f,high,nonmember,56.31
a9aa896f,high,member,141.8
1bea2352,low,nonmember,28.74
6b40f4f4,high,member,122.42
c318e045,low,member,233.25
c485d6d8,high,member,123.06
03ab18d7,high,nonmember,51.38
63458f5c,low,nonmember,19.82
6886afd6,low,nonmember,51.11
ff42c1f8,high,member,97.14
406a3f15,low,nonmember,59.25
9a9769eb,high,nonmember,58.66
82033356,high,member,199.59
0cf8c08d,low,nonmember,44.7
796c53aa,low,nonmember,65.24
36bbf513,high,member,108.75
749b5589,low,nonmember,69.6
f00a9efc,low,nonmember,55.09
5fc573e9,high,member,57.75
0489ea80,low,nonmember,37.45
dd86c6d7,low,nonmember,56.45
d5067666,low,nonmember,66.16
c8c2ee11,high,member,188.83
181d9213,low,nonmember,16.78
f365e2b3,low,member,228.04
cfeb0d17,high,member,126.97
7709ff82,high,member,123.36
365e78b1,low,nonmember,0
00e4d7ae,low,member,224.49
5f19bb15,high,member,35.71
d9dd8b38,low,nonmember,53.54
58a0f15e,high,member,147.99
8cdd49d5,high,member,140.41
480b13f9,high,nonmember,57.26
9cb54e6d,high,nonmember,57.22
9529519b,high,nonmember,51.44
d4846b57,high,member,178.37
65146367,low,member,228.9
f384e720,low,nonmember,77.53
93e12ea1,high,member,115.88
c62a8572,high,member,73.08
14da7cc5,low,member,217.98
8349ce79,low,nonmember,38.03
d8ae6731,high,nonmember,56.6
234886a7,low,nonmember,60.61
96818690,high,nonmember,69.16
933af847,low,member,224.07
2fe4034b,low,member,223.05
689d4f76,high,member,195.3
b5c86d3a,high,member,64.42
4fa96ba2,low,nonmember,16.41
1eedd23a,high,member,127.96
8e760f19,high,nonmember,41.19
42027421,high,nonmember,55.41
305deccf,low,nonmember,60.41
45a8a514,low,nonmember,42.41
879b2625,low,nonmember,0
e7e17608,low,nonmember,14.81
cc81c06d,low,nonmember,65.1
39d086e4,low,member,221.49
1a26e6dd,low,nonmember,77.87
91639736,low,nonmember,76.99
ed3f130e,low,nonmember,39.51
35b41372,high,member,94.11
08a13e46,low,nonmember,53.66
16660cbb,high,member,156.45
84c2e3c9,high,member,83.67
dff6ccf8,high,member,124.2
2821ab0d,low,nonmember,52.59
ff1ff5e7,low,nonmember,89.8
e08400e0,high,member,207.18
371b4ea8,high,member,198.4
8375b2e0,low,nonmember,76.78
28418a28,high,member,109.35
86fb3605,high,member,108.09
4c372243,low,nonmember,100.69
ee2bd1fc,high,member,94.28
e2709da5,high,member,156.81
c4ec610d,low,nonmember,27.64
ea3f1304,high,member,200.72
335b9cd4,low,member,227.46
3d213ce7,low,nonmember,6.56
dd7acbaf,high,member,134.65
9c74e9c5,low,nonmember,16.92
5d2a7838,high,nonmember,48.63
f9fd016d,low,member,211.85
7865f49a,low,nonmember,28.54
9067b1e7,low,member,225.35
64219445,low,member,219.89
b50076e9,high,member,126.16
c37ad26d,low,nonmember,25.37
0a870b8c,low,member,223.85
ce383486,low,nonmember,24.13
9a6c21bf,high,member,142.77
a70d31e3,high,nonmember,57.71
210b3b7b,low,nonmember,23.47
93cf349b,high,member,36.12
e5b3c1ff,low,member,214.55
bb65f27b,high,nonmember,50.31
0162e6d1,low,nonmember,0
1845df98,high,member,155.3
1756f8a2,low,nonmember,4.27
21566a62,high,member,85.38
cc6cee22,high,member,174.28
4f46475a,high,member,178.05
b6c4fbe6,high,member,153.65
5a1dfecf,low,nonmember,37.56
720d3ba9,low,nonmember,12.55
cdb79053,low,nonmember,58.7
6bff0b93,low,nonmember,17.21
9dccdc50,high,member,244.92
46eb9aa4,high,member,145.91
2c7f5756,high,member,181.22
51051263,low,nonmember,26.99
ed4c6642,high,member,153.41
90282d9f,high,member,130.24
10386595,low,nonmember,68.94
2a73ffb1,high,member,122.04
812fb344,high,member,218.28
6ef42f0d,high,nonmember,47.57
aff67669,low,member,230.57
2a40dcdb,high,member,111.35
56d3bbee,low,nonmember,28.07
94b950a3,low,member,219.99
dffd0f98,low,member,212.54
45ffd5d7,low,nonmember,30.06
ff8540fd,low,nonmember,42.85
58b52f99,low,nonmember,0
d8f1a5e7,high,nonmember,59.06
59ab30f6,high,member,15.42
f1e1219c,low,member,223.68
e2ce95b0,low,nonmember,14.86
19a20fdb,low,nonmember,0
47bc21ce,low,nonmember,50.49
026e8996,high,nonmember,53.36
a9a0cdfb,high,member,62.76
62009fcd,high,member,92.77
df404b70,high,nonmember,51.53
4286a9f5,low,nonmember,36.24
718f0dd5,high,member,149.41
181ab951,high,member,86.21
06993d13,low,nonmember,44.6
2f40adc9,low,nonmember,17.58
ad5703b4,low,nonmember,73.94
858cfb4a,low,nonmember,26.31
6b4fec5a,low,nonmember,25.38
7e06dee9,low,member,227.41
a982dc9c,high,member,95.08
d704cad4,low,nonmember,20.66
75bc674b,high,member,130.21
a58c140d,high,member,89.77
05f31476,low,nonmember,1.5
b5163906,high,member,102.04
058e0da8,low,nonmember,0
9b43574c,high,member,53.71
562ab614,low,nonmember,56.83
8e9f39a4,high,member,184.34
437f52a7,low,nonmember,0
67139c5a,low,nonmember,13.94
d33a9697,low,nonmember,36.74
57193ee5,low,member,217.87
a1629c2a,high,nonmember,51.65
a0edc894,low,member,221.96
d696a8a5,low,nonmember,56.92
e2135af6,high,member,78.88
0cc430dd,high,member,59.78
15e5929a,high,member,106.35
391de854,low,nonmember,11.25
71365b4a,low,nonmember,46.04
585cbbd1,low,member,221.8
2da8c786,high,nonmember,54.13
3b3c73a7,low,member,226.49
ff8e86d6,low,nonmember,0
e9e2004c,high,nonmember,57.37
39c3f3b3,low,nonmember,14.56
ecbe4c23,low,nonmember,26.41
f3b98783,low,member,221.65
cda4faee,low,nonmember,0
30bde1ab,low,nonmember,70.17
a8aff918,high,nonmember,42.87
9ae8cff2,high,member,78.29
90e8459e,low,nonmember,15.23
43090b6c,high,member,148.21
eb9a87b1,low,nonmember,5.07
cd75ee6a,high,member,30.43
f9fa4623,low,nonmember,34.8
d382a84d,high,member,180.71
696517c5,low,member,220.84
f40e0274,high,member,90.59
c787e7ea,low,nonmember,0
976b5f5c,high,member,209.24
c6ec6515,high,member,131.96
e03bd9c8,high,member,101.53
58334cba,high,member,112.19
e17a2a97,high,member,26.47
30b61dc6,high,member,80.05
3fed7c20,low,nonmember,49.54
f6a1ac40,low,nonmember,35.29
8477687f,high,member,155.74
063556d6,high,member,221.2
489dedf8,low,nonmember,40.95
95d5ac9e,low,nonmember,42.78
d7572e03,high,member,165.03
54c0d72c,low,nonmember,22.03
6d1cb441,low,nonmember,23.82
7338e471,low,nonmember,0
abd0a671,low,nonmember,0
1efd544c,low,member,229.8
5ec9fc61,low,member,227.6
d8ceee91,high,member,62.39
f65a6188,low,member,222.73
b312af4c,high,member,79.11
b010013b,low,nonmember,69.62
d3de03f2,low,nonmember,33.49
b1b16c44,high,member,111.4
978ae6d1,low,nonmember,25.94
50b6cedc,high,member,183.91
f8fecb03,high,member,47.64
e7c99fa7,high,member,110.86
196c3a3a,high,member,122.33
86548b1d,high,member,162.29
b206de1e,low,nonmember,0
e8cfdd24,high,member,152.66
c2532855,low,nonmember,16.01
db10348e,high,member,47.63
d141c348,high,member,180.43
134bf7b3,low,member,227.72
3f89b50b,low,member,236.06
1c29216c,high,member,120.17
52d3c132,low,nonmember,50.61
2c4bf05d,high,nonmember,57.94
14b50097,low,nonmember,13.53
be78c4c0,low,member,222.88
e1308915,high,member,106.63
099533f4,low,nonmember,19.47
0dabe18c,high,member,149.34
ea397003,low,nonmember,56.51
43514149,high,member,116.42
69b6af76,high,member,150.41
91f693f8,low,nonmember,74.95
d4d51495,low,nonmember,17.69
6b05aacc,low,nonmember,64.82
c1c6ed38,high,member,187.71
3a80a383,high,member,97.66
f893ae17,low,nonmember,41.55
8ced0b9a,high,member,180.38
5f9dd364,low,nonmember,64.32
44c8a467,low,nonmember,0
38b7909d,low,nonmember,0
654de36c,high,member,208.83
3234ae44,high,nonmember,63.61
fefc0d1a,low,nonmember,42.35
ce2e1743,high,nonmember,52.23
dca74175,high,member,67.69
076be9f5,low,member,223.83
196a8bc9,high,nonmember,51.54
7661fefa,high,member,97.17
639ee5db,low,nonmember,68.35
e167e5e4,low,nonmember,20.81
6ccaf302,low,nonmember,73.57
fc51e05b,low,nonmember,24.05
20e34e22,low,member,233.23
f885e0b6,high,member,120.07
e4e259c5,high,member,131.2
c05065b5,low,member,224.23
0ad919e5,high,member,93.08
a8ff464e,low,nonmember,0
2c8ce7c7,low,nonmember,40.21
9f13dc01,high,member,49.71
04f08158,high,nonmember,50.81
1a74a1ab,high,member,77.96
09e2b9b6,high,nonmember,57.37
cf0df47e,high,nonmember,59.82
db192efd,low,nonmember,13.13
9e9a1a49,low,nonmember,3.43
edcfa5cb,high,member,91.11
66422398,high,nonmember,52.41
f93cb4ff,high,member,143.08
84f243a2,high,member,97.56
e48e2cbb,high,nonmember,52.86
10a520ba,high,member,204.46
56aba12c,low,member,227.13
ef4936f6,low,nonmember,61.98
ab88258a,low,nonmember,73.76
f19d5c0e,low,nonmember,53.08
09f02896,low,nonmember,70.77
d97a2a94,low,member,217.04
28ccb640,high,member,271.52
07d354c4,low,nonmember,0
dc77f7a9,high,member,78.05
7f2d7669,low,nonmember,51.17
9d8aff46,low,nonmember,32.95
02b6b11b,low,nonmember,0
0c30a02e,low,nonmember,12.1
99d5c6ea,high,nonmember,51.84
7751f65f,high,member,129.94
93387f24,high,member,136.69
929fbb39,low,nonmember,27.23
0afa811c,low,nonmember,0
e98682cf,high,member,117.46
91e2696c,high,nonmember,64.14
253fe318,high,nonmember,57.12
ae96eaa4,low,nonmember,6
756d77b6,low,member,219.98
ad246b57,low,nonmember,35.55
c8dd8ce1,low,nonmember,43.06
1548dd92,high,member,182.79
47dc06c0,high,member,163.11
dbc11202,low,nonmember,65.49
ebb86143,high,member,182.18
f14a61f6,low,member,223.73
bb89d9ff,high,nonmember,53.16
9c6f1914,low,nonmember,33.52
b25f51d6,low,member,227.43
51183007,low,nonmember,36.83
d1c73215,low,member,239.35
e117a156,high,nonmember,54.54
1d6f86a7,low,nonmember,35.82
1f2e4530,low,nonmember,51.47
2e24ce4c,high,member,86.81
ffa1e1fc,high,nonmember,55.78
30974804,high,member,125.05
8f3cc056,low,nonmember,50.01
9ac5cb8b,high,member,109.44
a11a2f56,high,member,133.87
21d5d87a,low,nonmember,49.51
ad5d711d,high,member,59.16
bd4cfbe7,high,nonmember,57.55
bccba6e9,high,member,128.78
7244723c,low,nonmember,29.18
fb0047c1,low,member,215.84
58e49b2e,high,nonmember,56.32
94849096,high,member,92.23
0bdb95d9,low,nonmember,27.55
c1335f00,low,nonmember,37.71
f3473e8e,high,member,110.7
213ea8ed,low,nonmember,71.38
f6d09301,low,member,230.67
163f481a,low,nonmember,18.71
2bd26052,high,member,121.91
71effb9c,high,member,196.17
2fb483e2,low,nonmember,22.53
2a001ade,high,member,142.5
fa1a27cb,high,member,63.07
d7e39434,low,nonmember,19.12
6aeca9f0,high,member,154.31
1c879e60,high,member,147.41
a50415f3,high,member,109.16
1a530dc1,high,member,174.9
53bda22c,high,member,135.73
a05f9c41,low,nonmember,50.07
05bebd3c,high,member,112.52
a4a656fe,high,nonmember,52.96
a75243b9,high,member,59.17
34a59cb8,low,nonmember,75.55
dde70e7b,low,nonmember,7.49
b11b2842,low,nonmember,0
f2bc724e,low,nonmember,57.9
1ed629d0,low,nonmember,64.39
93c9219e,low,nonmember,31.23
956c9097,low,nonmember,36.81
95a53287,low,nonmember,66.58
fb9ed944,high,member,101.39
817a598b,high,nonmember,47.64
ca8b16cf,high,member,147.08
0818c523,high,nonmember,59.25
c86ccb69,high,member,64.09
dc5d8f66,low,nonmember,11.44
d9f2df24,low,nonmember,31.05
9ea0a5a1,low,member,227.25
0b28ed0e,low,nonmember,66.24
73bd3584,low,nonmember,49.87
be9dd306,low,nonmember,73.23
ccf20e45,low,nonmember,35.9
73da615d,high,member,160.03
15f42cbf,high,nonmember,50.35
3d0f33d0,high,member,74.16
e341e84c,high,member,7.73
3eb38c85,low,nonmember,55.55
06a057fb,high,member,142.22
df97a4fe,high,nonmember,56.89
6a6c9cf9,high,member,163.3
986cfab2,low,nonmember,39.23
4c4b2e77,low,nonmember,52.74
9980d884,high,member,10.58
768d0ade,high,member,133.27
467588d7,high,member,165.53
2c8df1c6,low,nonmember,50.96
6e2b1e7c,low,member,230.24
139cc6c2,high,member,147.74
7dc2cd5d,low,nonmember,19.88
5c7de272,low,member,227.79
aadad42a,high,member,234.71
74e6f954,high,member,153.92
d41fdc3d,low,nonmember,107.57
00af076e,high,member,107.53
fcdf2d5e,low,nonmember,20.14
6bf75e9b,low,nonmember,48.69
cf87f0f7,high,member,181.73
79b2b784,high,member,164.3
400eaa6a,high,member,141.51
24f53c92,low,nonmember,0
495e311e,high,member,146.7
e933a627,low,nonmember,38.57
c8152141,low,nonmember,8.19
df50832d,high,member,192.53
289df10d,high,nonmember,55.97
1e8b8e94,low,nonmember,18.1
8c1e5113,low,member,223.76
6d0de1e4,high,nonmember,52.42
eccb0834,high,member,104.24
32562d60,low,member,218.99
7305cafd,low,nonmember,70.9
236b72e2,high,member,99.48
98bb4774,low,nonmember,64.72
e5dd3d3c,low,member,229.3
83105322,low,nonmember,25.65
394230db,high,member,151.3
35545d41,high,member,30.39
49f385b4,high,member,88.23
0815eb53,high,member,77.35
70de702f,high,member,174.61
acc68335,low,nonmember,15.75
5cb1f0c9,low,nonmember,72.68
e009e7d6,low,nonmember,68.14
eb9b1ef7,high,member,65.54
b361426d,high,nonmember,55.47
68112f5b,low,nonmember,40.39
a5ac8065,high,nonmember,58.5
f3fe9f39,low,member,223.05
bb9c4d84,high,member,144.24
9f5e3a26,low,nonmember,39.98
02e48bd4,high,member,243.98
9147bb78,high,member,113.01
8e90aa56,low,nonmember,62.78
d2d7f96b,high,member,73.97
24541b55,high,member,48.15
820e0b99,high,member,149.29
1d8f13f3,high,member,72.37
a7296009,low,nonmember,0
7e418a15,low,member,232.3
d2d06fcb,high,member,194.74
3144c7f2,high,member,182.78
fe5ca3e7,high,member,53.87
ffd79caa,low,nonmember,23.71
95e0a386,low,nonmember,48.42
de213ed6,high,member,102.57
ccdeb631,low,nonmember,61.74
175000d0,low,member,229.71
8b468b84,low,member,219.92
f7d03d98,low,nonmember,27.63
862bcf67,low,member,221.32
868f355e,low,nonmember,50.53
501c73d1,high,member,123.41
848f233b,low,nonmember,58.03
4ab1e5ac,low,nonmember,48.35
7c8bc5b2,low,nonmember,16.25
4f9322ad,high,member,31.5
5a6acee0,high,nonmember,52.58
db3b763b,low,nonmember,62.51
d1c7e400,low,nonmember,0
2382b427,low,nonmember,45.53
d64aa49e,low,nonmember,0
085c18ee,high,member,94.92
779d7420,high,member,38.67
a408f890,high,member,132.33
c399094e,high,member,158.86
c18854cf,low,member,223.56
b0464f32,high,member,7.38
e447121c,low,nonmember,65.56
bda73af3,high,member,180.31
1ab943bc,low,nonmember,44.84
dcfc53c2,low,member,224.16
d7c0ceb0,high,member,67.24
b93a2337,high,member,243.76
a07f76d3,high,member,117.84
ab0bb37b,low,member,221.73
cf4ca29d,high,member,182.86
bcc40a5a,high,nonmember,56.34
306dc4e2,high,nonmember,63.42
b467576d,high,member,111.18
2fed8708,high,member,182.48
3cad4e6d,high,member,92.47
3f40fdfb,high,member,192.66
71cd42ae,low,nonmember,6.18
aa5dfb2f,low,nonmember,34.38
066fa96e,low,nonmember,74.48
e46f2cae,low,member,227.43
278d5008,low,member,211.3
93f067c2,low,nonmember,50.53
8b0b5c82,low,nonmember,56.46
43d57921,high,nonmember,49.77
2efe0374,low,nonmember,21.35
85035ea8,low,nonmember,2.9
a64bc8db,low,nonmember,7.18
ab08f3d1,low,nonmember,47.07
9633d1f1,high,member,40.52
f445e847,low,nonmember,26.11
061933bf,low,nonmember,54.2
222f8418,low,nonmember,42.58
c73f043d,high,member,111.19
aeaa3025,low,nonmember,0
0ae615ae,low,nonmember,59.72
1e4a9005,low,nonmember,15.12
346b7a0c,low,nonmember,37.7
06e9f120,high,member,196.59
bf6b475c,low,nonmember,13.88
a8e32310,low,nonmember,56.61
c2ba1ae6,low,nonmember,36.42
dd70de63,high,member,208.06
2af37a89,low,nonmember,35.37
974af07d,low,nonmember,9.54
a00bd13b,low,nonmember,41.33
ef8e5d22,low,member,227.57
d9bf2236,low,nonmember,61.1
41aac227,high,nonmember,62.69
077c14af,low,nonmember,51.77
cc4dfeb7,high,member,147.7
e0e95441,low,nonmember,31.28
c47054e7,low,nonmember,62.39
0d08359d,low,nonmember,102.6
65edd553,high,member,96.55
c512c197,low,nonmember,29.83
c3a7e83d,high,nonmember,51.82
6cf08d73,high,nonmember,56.43
6f768533,low,member,221.54
a8319f0e,low,nonmember,14.68
ddb990b5,high,nonmember,62.55
4025287a,high,member,56.27
9ffa64ad,high,member,80.08
2d5ca9c8,high,member,166.34
d70a2836,low,nonmember,74.64
7329a6e1,high,member,151.57
8254f09a,high,nonmember,61.33
d63a1846,high,member,158
d2f5be4f,low,nonmember,22.46
10a5c101,high,nonmember,46.14
2654c6fc,high,member,163.03
67c30d39,high,member,170.04
a1ee0755,high,member,81.23
8f60b4f0,low,nonmember,31.29
8e1bb5de,low,nonmember,0
4fc2f49a,low,member,227.15
3bfa6c4e,high,member,72.09
07670630,high,member,0
9270cf81,low,nonmember,97.51
5a8128b1,high,member,188.85
b068cb0c,high,member,133.38
74a424fb,low,nonmember,34.65
5ab63134,low,nonmember,46.42
9e41ac74,low,nonmember,9.21
0116a244,low,nonmember,13.43
93559cfb,high,member,162.19
69ab77e9,low,nonmember,69.05
1a4b08c4,high,member,182.47
e114ce99,high,member,55.65
591abf71,high,member,53.61
ea96a221,low,nonmember,94.45
2232b00c,low,member,222.2
d73045c5,high,nonmember,57.97
d73d7997,low,nonmember,20.94
c93d99b2,high,member,150.64
3b354464,low,nonmember,40.79
8ef3a81f,high,member,112.32
f663157b,low,member,225.58
5bf316ff,high,member,119.59
6b33af04,low,nonmember,130
8b750df9,low,member,213.63
bdef5886,high,member,188.25
9c9344cb,high,member,153.05
6fb9d48d,high,member,173.64
8e4d4b31,low,nonmember,37.01
5d62827d,low,nonmember,58.02
60b38445,low,member,231.83
7254bb38,low,nonmember,22.06
b748282e,high,member,154.64
858624be,high,member,65.14
aad9ab43,high,member,39.66
eac2ec71,high,member,160.87
2c66259f,high,member,145.98
d1a7d36c,low,nonmember,54.66
670030fd,high,member,98.69
383442d7,low,nonmember,0
2547e9e0,low,nonmember,25.6
d87ba5ee,low,nonmember,45.47
a77d2787,high,member,191.42
1aca0f9b,low,nonmember,59.39
3488f8f2,low,nonmember,29.7
812428aa,low,nonmember,3.78
488e60bf,high,member,88.66
96c222b5,low,nonmember,47.77
9fa3f245,low,member,226.62
95f03b53,low,nonmember,5.21
34fc2a3a,low,nonmember,66
6f16721f,high,member,137.73
c0b728ab,high,member,63.67
588c66d3,high,nonmember,57.92
d6574506,high,member,148.49
27427746,low,nonmember,62.91
691d9446,high,nonmember,54.42
2f77347e,low,nonmember,69.02
a4c2c413,low,nonmember,48.23
6fdc429a,high,member,96.95
ac195c78,high,member,91.16
a85c9952,low,nonmember,26.36
edac3155,low,nonmember,19.86
c41d776f,high,member,119.11
2a238d98,low,nonmember,0
feb9673b,low,nonmember,70.13
b7968eae,high,member,108.85
26a0012c,low,nonmember,51.16
778cd5dc,low,nonmember,13.82
fd2acf32,low,member,225.32
5f0d39e4,low,nonmember,19.24
03f8a6f1,high,nonmember,57.86
e4de0c15,low,nonmember,22.81
4f626b6e,low,nonmember,10.53
c39ac311,low,nonmember,41.07
7ea2215f,high,member,154.18
ef0caf3e,low,nonmember,64.43
fc7360df,high,member,115.51
0827bd1e,high,nonmember,56.08
5e59373c,low,nonmember,52
d6d1e208,low,nonmember,60.14
ba912fa5,low,member,217.05
b27dbce4,high,member,218.5
e24a146e,low,nonmember,0
8843dc6e,high,member,123.41
fa736ef6,high,member,124.42
0e184d14,high,member,76.76
3972dafe,high,nonmember,57.31
ab4cac45,low,member,227.67
bada42a2,high,member,64.12
7192ae00,high,member,112.71
823e6eaa,high,member,126.68
b7a2fc5b,high,member,204.15
d3e5c985,high,member,177.01
bac0d0e8,high,member,221.38
995f6aa2,high,member,119.6
da6ae21e,low,nonmember,37.67
355d69ae,high,member,80.5
d74e9b04,high,member,212.9
1a230fd8,low,member,225.1
44bd8fae,low,nonmember,57.45
54f43428,high,member,187.42
a045eb2e,low,nonmember,20.04
7dda2274,high,member,31.24
43693674,low,nonmember,0
e6dfe55d,high,member,110.83
613b986a,high,member,149.61
21fe13e5,low,nonmember,63.29
b73f465c,low,nonmember,66.41
ed21c5cd,high,member,112.73
6625db8a,high,member,218.15
f801aaa8,high,member,83.44
e124debc,low,nonmember,0
0a64d064,low,nonmember,61.64
08d10e97,high,member,99.24
f19c7db2,high,member,95.32
34daec3a,high,member,152.58
ef9ea491,low,nonmember,55.83
53e73343,high,nonmember,47.16
2814ece6,low,nonmember,38.04
ae25b012,low,nonmember,63.2
54e3ec14,high,member,184.27
eb5824d1,high,member,114.53
660ee8d0,high,member,94.44
18baacbf,low,member,221.32
a3a9e329,low,nonmember,50.86
f7c0accb,low,nonmember,12.84
0fcbd698,high,member,183.22
35bfa8b3,low,nonmember,0
50a146b8,low,nonmember,46.87
0abd18c3,low,nonmember,55.74
0f653c1b,high,member,40.16
bdbdc4e7,high,member,137.03
6aa98543,high,member,74.82
977e59ce,low,member,219.57
1304e90f,high,member,31.18
8ea8dabb,high,member,80.05
326a98b9,high,nonmember,51.17
31ef5c5f,high,member,60.89
d9cda30f,high,member,106.25
5fa4e4d4,high,member,75.83
f5143b61,high,member,152
ea0ab608,high,nonmember,61.94
db70785d,low,member,224.95
d8e45065,low,nonmember,29.25
bc7b5f23,low,nonmember,70.33
c7a9ed54,high,member,82.23
93dca4e5,low,nonmember,26.82
f92a1964,high,member,143.21
534e6839,low,nonmember,42.34
6e1f002c,high,member,143.63
b37f66cb,high,member,107.26
d6ed19ee,high,member,123.54
3fed812b,low,nonmember,0
44a43c83,high,member,102.88
c9beff1b,high,member,109.78
3feeac9b,low,nonmember,49.3
8903ffaa,high,member,158.04
463e2bff,high,member,248.63
9070ddea,low,nonmember,72.29
e9d02cd9,high,member,102.22
008ab052,low,nonmember,25.6
d6d6eae9,low,nonmember,0.16
a79a28b4,low,nonmember,39.63
375ee754,high,member,121.17
201d9562,high,member,97.59
896688dd,low,nonmember,14.72
c2f68414,high,member,256.06
e09fb392,low,nonmember,79.99
7077d61d,low,nonmember,27.41
da7e3ff4,high,member,181.91
85e30699,low,nonmember,0
e27ee639,high,member,125.42
a524eaa2,high,nonmember,56.93
c862be14,low,nonmember,43.37
7e1536e1,low,nonmember,30.39
657b8c73,low,nonmember,27.75
96fa85e8,high,member,201.44
1e7b64d7,low,member,224.77
2ef0ab8b,high,nonmember,46.97
1145411d,low,nonmember,83.05
3a0c6cd1,low,nonmember,33.81
46fac891,high,member,129.8
5d33e32e,low,nonmember,34.55
ef2c07ad,low,nonmember,53.85
ff55b638,high,nonmember,55.11
98f0cf99,low,nonmember,9.14
fa7f1cf0,low,nonmember,27.19
519d845b,low,nonmember,0
c7167320,low,nonmember,12.1
24b77682,high,member,167.06
2bf9b885,high,nonmember,54.13
d2fafe56,low,nonmember,55.54
a24f6d19,high,nonmember,53.37
bc2a480f,high,member,70.85
6698304d,high,member,113.2
a72870ae,low,nonmember,0
23b8f95d,high,member,194.81
d4e61965,low,nonmember,47.97
92464c78,high,member,257.61
5fbf8a00,high,member,80.16
ad444b16,high,member,142.77
2a345a29,high,member,115.88
e83b16e9,high,nonmember,47.58
aa80d0e2,high,member,78.87
648fc2e8,low,nonmember,52.33
de0cf6cb,low,nonmember,52.65
e7f6a4c8,high,member,206.43
0535c653,low,nonmember,30.8
eb8c310b,low,nonmember,11.59
d9a882b5,high,nonmember,56.4
7dd8de3e,low,nonmember,0
308459f1,low,member,218.92
909d346c,high,member,286.58
332b23d9,low,nonmember,19.46
7995250d,high,member,106.95
84d72c6b,low,nonmember,75.5
fc0ddd67,low,member,227.5
55c4dc29,low,nonmember,66.08
5ab4fdb9,low,nonmember,18.88
b44a3533,low,nonmember,0
95e5c9b5,low,nonmember,7.26
08caa176,low,nonmember,86.66
96d89611,low,nonmember,46.63
29164014,low,nonmember,5.08
05697456,high,nonmember,61.74
f8973089,low,member,219.59
daa14b9d,high,member,161.97
53be968d,low,nonmember,0
58aef10c,high,member,148.35
4276fbe2,low,member,223.89
f4ef6733,low,nonmember,37.99
1cdf375c,high,member,123.21
24047650,low,nonmember,44.46
097822ef,high,member,105.54
4c7790ca,low,nonmember,52.41
ecf78415,low,member,218.68
56e416af,high,member,137.99
60dd9201,high,member,113.77
dbc74703,low,member,222.42
5888eb86,low,nonmember,47.72
8032cd82,high,nonmember,50.97
2d8d3a69,high,member,150.3
6cda4786,high,nonmember,55.13
51a0a450,high,member,75.85
32f513d1,low,nonmember,53.89
8530f7d2,low,nonmember,7.49
96506cde,low,nonmember,36.75
6b92cb61,low,nonmember,71.86
1f6667f0,low,nonmember,0
6718418f,high,member,45.09
a93a97b7,high,member,104.15
24cfd1ae,low,nonmember,40.16
64d5d56b,high,member,139.58
ae458266,low,nonmember,31.55
22126c5f,low,nonmember,40.89
4253ff6a,high,nonmember,48.73
20621760,low,nonmember,34.86
688c2714,low,nonmember,55.02
79817d4e,high,member,74.85
af5609d4,low,nonmember,53.48
b621d9ad,low,nonmember,47.04
b3715ebb,low,nonmember,63.4
255d3cc3,high,member,91.38
62d53ff2,high,member,35.77
c0ea5c72,low,nonmember,18.56
96c54f08,high,member,144.14
c3546102,high,member,148.65
e612735e,low,nonmember,41.68
51f3892b,low,nonmember,81.11
5c8a8f90,low,nonmember,28.2
855e5f03,low,nonmember,25.75
e62f96e5,high,member,63.25
0148a863,low,nonmember,51.63
ef8fb1f6,low,nonmember,0.42
0c1a4429,low,nonmember,65.59
4784852f,high,member,64.34
3edf3679,low,nonmember,0
07c87cfc,low,member,223.26
50ff8122,low,nonmember,58.88
06e8de36,high,nonmember,46.74
48009a89,low,nonmember,7.02
340a99d9,high,member,126.09
8cbb92d4,low,nonmember,1.27
1fdf7839,low,nonmember,63.32
adc1ff31,low,nonmember,29.03
f126992e,high,member,88.31
6f05144a,low,nonmember,41.6
844da6e3,high,member,172.34
f191cc1e,low,nonmember,38.02
aa4022af,low,nonmember,37.22
8b72b02b,high,nonmember,51.18
6e36e9fa,high,member,147.79
70d502d9,low,nonmember,13.78
e45a597f,low,nonmember,0
4e49f588,low,member,217.5
0060c029,high,nonmember,55.32
01409c78,low,nonmember,80.43
89ceb15a,high,member,111.48
208b4e91,low,member,231.99
343431ea,low,member,225.12
96c991d2,low,member,227.81
34118b0a,high,member,72.87
3e56bb34,low,member,223.8
cde6d582,low,member,224.69
1082d482,low,nonmember,62.58
92b258a3,high,member,53.18
46a39e91,high,nonmember,58.37
bb02c17c,low,nonmember,27.09
cdba2e2f,high,member,211.96
a95312e6,high,member,194.56
605edabc,high,nonmember,50.52
6f43afd2,low,nonmember,34.82
95f2ff7e,high,member,10.48
180c0f32,high,member,160.74
22759cbb,high,member,87.76
69befa9d,low,nonmember,47.75
497cc55e,low,nonmember,25.55
d69485d4,high,member,156.79
0710d109,low,nonmember,13.84
47e6a2b4,high,member,123.75
bbcc9acf,high,member,190.95
c43124d2,low,nonmember,0
ee5b314b,low,nonmember,28.18
87e2ceee,high,nonmember,56.26
dc30d461,high,member,154.8
deb5664a,low,nonmember,44.98
51a44feb,high,nonmember,56.17
56dafa88,low,nonmember,4.16
fbc91c84,low,nonmember,7.07
da8e9e24,low,nonmember,45.49
94b1e596,high,member,86.54
7a31966f,low,nonmember,70.52
000b09fa,high,member,69.69
da9102c2,high,member,145.36
cfe8450e,low,nonmember,10.93
6d5ffc3b,low,member,209.78
c2ec5fdb,low,nonmember,67.98
3a6f66af,high,nonmember,50.97
05f7d8d2,high,member,121.95
2b1a553a,high,member,27.31
f4ae6da9,low,nonmember,25.82
037b88e7,high,member,72.07
52102dd3,high,member,197.52
797f1ee1,high,member,231.46
8d3ea404,high,member,81.62
c6ffbff6,high,member,39.21
e43daa16,low,nonmember,32.55
5deaec8e,high,member,103.49
cb6eabaa,high,nonmember,52.04
65172388,high,nonmember,60.81
11595c86,low,nonmember,56.01
8dec117f,high,member,190.56
3c828de4,low,nonmember,47.25
b57a7b2f,low,nonmember,32.78
7b9e80e8,low,member,229.4
5df448b1,high,member,1.36
e0935267,low,nonmember,36.54
95500e8c,low,nonmember,11.18
cbc97320,low,member,219.54
80ea7a68,high,member,56.59
1c9a2f02,low,member,223.6
e07b11c6,high,member,161.79
efcc94ad,high,member,162.54
873dffdf,low,nonmember,16.78
6456f62f,low,nonmember,29.89
10febb84,high,member,110.17
634ae177,high,member,132.34
253dbc2c,low,member,222.31
240499a7,high,nonmember,59.76
ba6201aa,high,member,136.86
9eb873cd,high,member,53.12
82b08479,low,nonmember,6.95
491b6c0b,high,member,201.43
ac6ce6f9,high,member,46.62
f5b5dfc8,high,nonmember,54.88
abdcf6be,high,member,24.1
acf97d2b,low,nonmember,24.61
7582fb5f,high,member,41.05
3615b2b4,high,member,89.73
1d44f990,high,member,177.66
96349a4a,low,member,221.18
723a1b45,high,nonmember,65.93
f2aa796f,high,member,114.38
ea1c4970,low,nonmember,44.21
a42bbe09,low,nonmember,14.72
b02b4582,high,member,146.8
73ea23cb,low,nonmember,49.52
5165cf33,low,nonmember,50.56
3c73c371,low,nonmember,47.65
02e0d01a,high,member,107.12
d09de669,low,nonmember,0
a624c309,high,nonmember,57.5
48070a03,low,nonmember,38.07
d389cffc,high,member,144.36
c0d072f4,high,member,157.62
45fc2a67,low,nonmember,48.93
1a87f721,low,nonmember,61.52
7622870d,low,nonmember,24.82
de49f876,high,member,181.03
98e2f18d,low,member,221.17
bd6cc9bb,low,nonmember,2.49
0128cb9b,high,member,56.27
e7e44d16,low,member,221.28
