,User ID,Guild Membership,Side-quest Engagement,Inventory Rarity,In-game Purchases
0,91e7fde9,member,high,few or none,218.67
1,6dbb8ab7,member,high,many,35.77
2,1f8c33cc,member,high,many,121.5
3,e601373c,nonmember,low,few or none,0.24
4,3355d02f,nonmember,low,few or none,13.91
5,9740c9f9,nonmember,high,many,49.3
6,b4e93ac3,member,high,many,214.53
7,0a4a6a77,member,low,few or none,222.21
8,898b7d64,nonmember,low,few or none,41.48
9,160d3d22,nonmember,low,few or none,35.08
10,40e953bf,member,high,few or none,231.1
11,28944bab,nonmember,low,many,51.4
12,c8e89853,nonmember,high,many,49.44
13,2949796d,nonmember,low,few or none,34.66
14,2801488e,nonmember,high,many,55.66
15,2ba588d5,member,high,few or none,228.58
16,ae17faa1,member,high,few or none,218.0
17,e04a04f5,nonmember,low,few or none,6.12
18,f766a0f7,member,high,many,112.94
19,d9a3e0a0,nonmember,low,few or none,47.93
20,e53e11a2,nonmember,low,few or none,45.96
21,6d2ca7df,nonmember,low,few or none,65.97
22,d0a149b6,nonmember,low,few or none,59.13
23,b509754c,nonmember,low,few or none,51.82
24,8d9c067d,member,high,many,75.17
25,4591318e,nonmember,low,few or none,25.52
26,7e54943e,member,high,many,104.12
27,f5f35269,nonmember,high,many,53.33
28,1b947318,nonmember,low,many,47.28
29,55954e34,nonmember,low,few or none,3.18
30,18673976,nonmember,low,few or none,2.42
31,0c16345c,member,high,many,101.53
32,f856649c,nonmember,low,few or none,31.62
33,1b0b41fd,nonmember,high,many,60.18
34,cfbd8d94,nonmember,low,few or none,53.3
35,4bc7463c,member,high,many,103.28
36,eb3f484d,nonmember,high,many,48.82
37,16d3fc2c,nonmember,low,few or none,21.21
38,7c899f1f,nonmember,low,few or none,34.23
39,636d0ad2,member,high,many,129.44
40,c1dd73b6,nonmember,low,few or none,33.75
41,6b70f140,nonmember,low,many,60.3
42,2d958b9f,nonmember,low,few or none,44.19
43,34ccc2c0,nonmember,low,few or none,52.21
44,10c41c9b,nonmember,low,few or none,43.61
45,0b2f704c,member,high,many,109.81
46,cf073205,nonmember,high,many,57.6
47,6a30149b,nonmember,low,many,56.47
48,5c4bcc29,member,high,few or none,225.8
49,892fa715,member,high,many,138.22
50,ea04d446,nonmember,low,few or none,9.03
51,ebc5d29c,nonmember,low,few or none,46.47
52,4895187d,nonmember,high,many,50.44
53,07799e50,nonmember,low,many,52.05
54,969b6f17,nonmember,low,few or none,74.84
55,e739bc5c,nonmember,low,few or none,47.62
56,e8ec5bb7,nonmember,low,few or none,41.34
57,f862350b,nonmember,low,few or none,49.31
58,ee247ed6,nonmember,low,many,48.74
59,f32ff93e,nonmember,low,few or none,28.21
60,04cdfd3c,nonmember,low,few or none,7.63
61,1c9759c0,nonmember,high,few or none,33.11
62,fa95182e,nonmember,low,many,53.47
63,718e6105,nonmember,low,few or none,70.89
64,e7d0a25b,member,high,many,178.47
65,3009bc26,nonmember,low,few or none,17.88
66,01573ee7,nonmember,low,few or none,76.73
67,667dddbd,nonmember,low,many,54.68
68,2d3ac20b,nonmember,low,few or none,3.68
69,e9629ea1,nonmember,low,few or none,26.57
70,b10924ad,nonmember,low,few or none,13.9
71,38bddaf3,nonmember,low,many,53.25
72,d0231876,nonmember,low,many,58.07
73,4a802c51,nonmember,low,few or none,47.57
74,0aa90ed6,nonmember,low,few or none,21.09
75,0b255009,member,high,many,127.91
76,234d0026,nonmember,low,few or none,49.17
77,e1616455,member,high,few or none,223.05
78,9cd76e94,nonmember,low,few or none,28.24
79,5f153317,nonmember,low,few or none,93.21
80,6d091a63,nonmember,low,few or none,5.49
81,cbae2ad4,member,high,few or none,227.49
82,5b843ea3,nonmember,high,many,51.96
83,8b40ed21,nonmember,high,many,56.4
84,1d3d6dc6,member,high,few or none,221.48
85,9ddd05ad,nonmember,low,few or none,19.39
86,5e1fd438,member,low,few or none,214.72
87,3369eec6,nonmember,low,few or none,67.31
88,3ffd69ee,nonmember,low,few or none,38.18
89,6cec36e6,nonmember,low,few or none,43.52
90,7947aed6,member,low,few or none,225.6
91,72e80af0,nonmember,low,few or none,14.36
92,5175dd5a,nonmember,low,few or none,42.23
93,20cfbd0f,member,high,many,114.76
94,59690726,nonmember,high,many,59.97
95,2cd7867a,member,high,many,157.26
96,6baf7a60,nonmember,low,few or none,2.67
97,d471d4cc,member,high,many,85.61
98,bef7a3ce,nonmember,low,few or none,55.89
99,6c64199b,nonmember,low,few or none,30.77
100,231df229,member,low,few or none,231.84
101,891292b4,member,low,few or none,213.36
102,1cbc0948,member,high,few or none,224.94
103,4e739dd2,nonmember,low,few or none,42.61
104,30a8e4be,nonmember,high,many,59.43
105,efc12963,nonmember,low,few or none,7.9
106,62bde4eb,nonmember,low,few or none,49.19
107,917aea41,member,low,few or none,226.22
108,a74b5f6a,member,low,few or none,226.4
109,f2c7f502,nonmember,low,few or none,8.09
110,9b37b784,nonmember,low,few or none,61.41
111,5cc8a53c,nonmember,low,few or none,45.69
112,805fe710,nonmember,low,few or none,51.41
113,66363c61,member,high,many,145.03
114,ed3942cb,member,low,few or none,223.88
115,715f14df,member,high,many,150.35
116,eb5b4dd1,nonmember,low,few or none,17.85
117,92547bec,nonmember,low,few or none,73.4
118,c331b6c1,member,high,few or none,224.49
119,44d11a2d,nonmember,high,many,55.16
120,5d6d8a65,member,low,few or none,216.39
121,9d9c8dc7,member,high,many,140.01
122,9346ffe6,member,low,few or none,226.73
123,8b736199,nonmember,low,few or none,39.87
124,560b2889,nonmember,high,many,57.42
125,621318e3,nonmember,low,few or none,53.18
126,0de709a5,nonmember,low,few or none,41.01
127,3330778e,nonmember,low,few or none,9.48
128,2763fa21,member,high,many,1.11
129,944a372c,nonmember,high,many,49.13
130,e102d7ab,member,high,many,141.07
131,81f36d22,nonmember,low,few or none,29.81
132,78a69edc,nonmember,low,few or none,76.04
133,fafb4fe1,nonmember,low,few or none,33.43
134,efa4375f,nonmember,low,few or none,26.75
135,a8df87ec,member,high,few or none,211.22
136,7237cee9,nonmember,high,many,55.13
137,b3ba6b44,nonmember,low,few or none,33.29
138,717fd0d9,nonmember,low,few or none,47.77
139,7dcbd886,nonmember,low,few or none,21.32
140,f2546d26,nonmember,low,many,67.01
141,68a1ee1c,member,high,few or none,225.54
142,f1ec55d3,nonmember,low,few or none,6.78
143,b45ba691,member,high,many,95.44
144,5821d437,member,high,many,174.16
145,6c5f3c1d,member,high,many,154.86
146,47eb4ac5,nonmember,low,few or none,12.14
147,d5f0c4b8,nonmember,high,few or none,34.82
148,96501e82,nonmember,low,few or none,0.35
149,fdcf742b,member,high,many,203.5
150,2b4203c9,member,high,many,250.42
151,747ca122,nonmember,low,few or none,43.9
152,618a602a,nonmember,low,few or none,52.93
153,ba5b1677,nonmember,low,few or none,35.23
154,587da07c,nonmember,high,many,59.33
155,68589945,nonmember,high,many,55.77
156,4bef9e08,nonmember,low,few or none,4.48
157,3fb9951d,nonmember,low,few or none,13.97
158,f1ca48d7,nonmember,low,few or none,12.09
159,668de992,nonmember,low,few or none,19.87
160,1513fee1,nonmember,low,few or none,26.25
161,ba20c581,nonmember,high,many,61.62
162,7a70d796,nonmember,high,many,49.86
163,70c98479,member,low,few or none,222.62
164,e1fd9c57,nonmember,high,many,66.19
165,7f9715df,nonmember,high,many,54.07
166,39cf82cf,nonmember,low,few or none,0.97
167,3e314625,nonmember,low,few or none,10.04
168,f86253a6,member,high,many,98.61
169,1a600eaa,member,high,many,213.31
170,9e16dfc8,nonmember,low,few or none,56.45
171,cac8296a,nonmember,high,many,51.59
172,fce08135,nonmember,low,few or none,10.64
173,dcaae55e,nonmember,high,few or none,54.91
174,d99b05d5,nonmember,low,few or none,39.98
175,21e1e10f,nonmember,low,few or none,14.32
176,0b9b2338,member,high,many,141.03
177,97174a8b,nonmember,low,many,56.55
178,c44e71c2,nonmember,low,few or none,20.24
179,41fc4b11,member,low,few or none,221.11
180,ff43f1e1,nonmember,low,few or none,51.7
181,774506d9,nonmember,low,few or none,55.21
182,11636da4,nonmember,low,few or none,6.74
183,e7ddac74,nonmember,low,few or none,40.24
184,0f134121,nonmember,high,many,59.6
185,2b044354,member,high,few or none,227.72
186,9f799481,nonmember,low,few or none,11.53
187,bf93ff4b,member,high,many,117.39
188,01a186b4,member,high,few or none,222.53
189,fb1c0aac,nonmember,low,few or none,44.55
190,995ae324,nonmember,low,few or none,6.65
191,5cb7e873,member,high,many,136.55
192,7cc142df,nonmember,low,many,44.03
193,b03f00c5,nonmember,low,few or none,62.44
194,05d2f3dc,nonmember,low,few or none,33.1
195,ad48f735,nonmember,high,few or none,47.65
196,8da75608,nonmember,high,many,54.98
197,7c483392,member,low,few or none,221.51
198,353b3310,member,high,many,108.08
199,da546bcf,nonmember,low,few or none,46.89
200,02fa4415,nonmember,low,few or none,38.42
201,d898f7bf,nonmember,low,few or none,7.51
202,0ee3787e,nonmember,low,few or none,39.87
203,233ec4f9,nonmember,low,few or none,33.17
204,db1b2d0e,member,high,many,143.9
205,f8898d1f,nonmember,high,many,55.41
206,30d95ebd,member,high,many,178.16
207,7f8bb1be,nonmember,high,many,58.34
208,948e59c2,member,low,many,119.13
209,d07c1530,nonmember,low,few or none,9.1
210,918e4a46,member,high,few or none,220.39
211,7e51bc6d,nonmember,low,many,45.95
212,621dbaeb,nonmember,low,many,59.68
213,ee8819db,nonmember,high,few or none,25.89
214,6f0caa12,nonmember,low,many,52.3
215,d3a952f6,nonmember,low,few or none,101.3
216,c864a5bf,nonmember,high,many,57.88
217,6e8ff885,nonmember,low,few or none,20.38
218,9f68a2a7,nonmember,low,few or none,6.59
219,b8294fe0,nonmember,low,few or none,36.91
220,e283920e,member,low,many,150.46
221,ed82e70c,nonmember,low,few or none,4.57
222,e0634f57,nonmember,high,few or none,8.62
223,c76ca54c,nonmember,low,few or none,66.14
224,6f4ea939,nonmember,low,few or none,47.8
225,2d98e064,nonmember,low,few or none,6.41
226,279a5a64,nonmember,low,few or none,9.56
227,04ae065f,nonmember,low,few or none,38.25
228,fa48f125,nonmember,low,few or none,36.08
229,25f57f4f,member,high,many,159.7
230,0f62b55e,nonmember,low,few or none,68.4
231,489939b5,nonmember,low,few or none,14.92
232,3962ff0a,member,high,many,31.77
233,d2e0599a,nonmember,low,few or none,98.72
234,5c50cf73,nonmember,high,many,50.02
235,f3186014,member,high,many,175.45
236,17224ddf,nonmember,low,few or none,63.14
237,1fb7ee77,nonmember,low,few or none,49.5
238,87f71dbd,nonmember,low,few or none,23.21
239,adc58fe3,nonmember,low,few or none,59.82
240,06b10f2e,member,high,few or none,221.93
241,57390463,nonmember,low,few or none,41.34
242,14016b47,nonmember,low,many,55.43
243,143c7e56,nonmember,high,few or none,30.15
244,65478fa7,nonmember,low,few or none,18.02
245,1f00c642,nonmember,low,few or none,24.85
246,42281760,nonmember,high,many,58.62
247,6068d885,nonmember,high,many,49.5
248,8cfac2a4,nonmember,low,few or none,42.56
249,9e2bff26,member,high,many,75.42
250,28eb7e90,nonmember,low,few or none,8.71
251,e4a03d05,member,high,many,134.14
252,813c33e0,nonmember,low,few or none,87.33
253,d6d25164,nonmember,high,few or none,29.11
254,7c7156c6,nonmember,high,few or none,36.48
255,744c125f,nonmember,low,few or none,51.78
256,1baf0102,member,high,many,148.82
257,573f3578,nonmember,high,few or none,61.32
258,79e52aae,nonmember,high,many,52.62
259,03ae4aac,member,high,few or none,228.23
260,2bb8e978,nonmember,low,few or none,49.18
261,fbd6b63f,member,low,few or none,227.5
262,c7387265,nonmember,high,many,65.13
263,639715e0,member,low,few or none,220.53
264,1560f86b,member,high,many,112.34
265,a79ef08e,member,high,many,126.08
266,5ad3fffb,nonmember,low,few or none,44.94
267,0e04137b,nonmember,low,few or none,8.8
268,bd179466,nonmember,low,few or none,41.69
269,5360f3e9,member,high,many,79.36
270,a6f481e7,member,high,many,151.79
271,4c9e2b82,nonmember,low,few or none,12.98
272,5191102c,nonmember,low,few or none,29.41
273,cb606057,member,high,few or none,219.16
274,230ebd95,member,high,many,157.9
275,e896508d,nonmember,high,many,56.84
276,7ba34737,member,high,few or none,224.48
277,26be5597,member,high,few or none,232.62
278,41f090a7,member,low,few or none,227.52
279,1dfb3fa6,nonmember,low,few or none,46.75
280,b3aa2d0a,member,high,many,245.42
281,25a097f8,nonmember,low,few or none,44.42
282,b08a39b6,nonmember,low,few or none,52.7
283,196df951,nonmember,low,few or none,2.63
284,f3dfa977,nonmember,low,few or none,66.45
285,b8680419,nonmember,high,few or none,11.75
286,08fce622,nonmember,high,many,49.94
287,39e57144,nonmember,low,few or none,52.56
288,5cdeb23a,member,high,many,147.02
289,87b0df84,nonmember,low,few or none,20.96
290,59a32d6b,nonmember,low,few or none,30.27
291,d47a4a0c,nonmember,low,few or none,10.8
292,99bee732,nonmember,low,few or none,32.64
293,e68878c4,nonmember,low,few or none,3.62
294,4b875272,nonmember,high,many,52.36
295,638cfd2c,member,high,many,85.15
296,4663dbea,nonmember,low,few or none,4.47
297,68b37cf8,nonmember,low,few or none,35.13
298,62380086,nonmember,low,few or none,43.18
299,f1624485,nonmember,low,few or none,37.02
300,9d011c2e,nonmember,low,many,49.38
301,68ea3206,nonmember,high,many,60.79
302,56c5a0d8,member,high,few or none,220.78
303,9e63a260,nonmember,low,few or none,48.2
304,c8010194,member,high,many,49.73
305,5142a751,nonmember,low,few or none,30.9
306,1e93bb47,nonmember,high,many,48.25
307,6f27b619,nonmember,low,few or none,45.12
308,124a1d4f,nonmember,low,few or none,42.84
309,b3c8594b,nonmember,low,few or none,93.51
310,3ee96bac,nonmember,low,few or none,0.71
311,afa07612,nonmember,high,many,54.0
312,70202093,member,high,many,111.09
313,572a047b,nonmember,low,few or none,16.97
314,408674da,nonmember,low,few or none,31.03
315,d9588c54,nonmember,low,few or none,65.94
316,a303aa2a,nonmember,low,few or none,38.66
317,06f7dfa1,nonmember,low,few or none,34.01
318,db174f35,nonmember,low,few or none,43.04
319,00ae9a0e,member,high,many,117.7
320,d5591f94,member,high,few or none,214.72
321,4eb78618,nonmember,low,few or none,33.9
322,398c6252,nonmember,low,few or none,75.9
323,7bb7618c,nonmember,high,many,53.24
324,7390c661,member,high,many,185.83
325,b2cfaa99,member,high,few or none,221.92
326,5b60702e,nonmember,low,many,58.97
327,27093f69,member,high,many,4.18
328,db7dddc3,nonmember,high,many,52.44
329,67d97720,nonmember,low,few or none,59.31
330,68751de2,member,low,few or none,217.88
331,57c2afdf,nonmember,high,many,55.26
332,322a321f,member,high,many,183.34
333,c166d9ac,member,high,many,203.36
334,da2c03ef,member,high,many,70.38
335,89aea6e3,nonmember,low,few or none,28.41
336,3f0c3ef2,nonmember,low,few or none,21.52
337,e042e6ea,member,low,few or none,223.19
338,6511f6de,member,high,few or none,225.84
339,10fabeef,nonmember,high,many,50.52
340,3fbf47ca,member,high,many,96.63
341,fe28ac5b,nonmember,low,few or none,60.29
342,71776e6f,nonmember,low,few or none,45.24
343,f60e2c87,member,high,many,83.91
344,34323a10,nonmember,low,many,48.22
345,a6c70e2f,nonmember,high,few or none,77.92
346,7241d0b1,member,high,many,76.68
347,806008db,member,high,many,110.99
348,74f06f4a,nonmember,low,few or none,101.43
349,2d6d0dc3,nonmember,low,few or none,20.06
350,ab12001e,nonmember,low,few or none,71.89
351,e1c954fa,member,high,many,48.96
352,b6a94ce2,member,high,many,126.18
353,8b2edf13,nonmember,low,few or none,22.15
354,54bc7756,nonmember,low,few or none,35.16
355,d4dbba41,nonmember,low,few or none,40.57
356,7ec8e037,nonmember,low,few or none,18.87
357,2f69750b,member,high,many,69.01
358,d92c47ef,nonmember,low,few or none,27.62
359,55c94f4d,member,high,few or none,225.67
360,9a8806eb,member,low,few or none,224.53
361,294ef956,nonmember,low,few or none,48.31
362,9217eb00,nonmember,low,few or none,36.28
363,06ec4447,nonmember,low,many,56.22
364,320be426,member,high,many,148.08
365,659563e9,member,high,few or none,225.07
366,029e366d,nonmember,low,few or none,71.48
367,4ef1d598,nonmember,low,few or none,66.1
368,0c46d4c6,nonmember,low,few or none,39.6
369,118f56bb,nonmember,low,few or none,31.29
370,230d0e08,nonmember,high,many,58.49
371,801775cd,member,high,many,178.89
372,b2ddbab6,member,high,few or none,219.98
373,d85caa22,nonmember,low,few or none,37.04
374,a786aed7,nonmember,low,few or none,39.76
375,f754e884,nonmember,low,few or none,47.5
376,c47e8865,nonmember,low,few or none,82.55
377,b0ddc6d1,nonmember,low,few or none,70.28
378,24f65dfb,nonmember,high,few or none,20.46
379,b51e6b1b,nonmember,high,many,55.44
380,1dec2fab,member,high,few or none,220.32
381,28d6fcee,nonmember,low,few or none,45.88
382,be497f5d,nonmember,low,few or none,19.98
383,d3bc7d88,member,high,many,249.8
384,f7e67d06,nonmember,low,few or none,49.35
385,77302c11,nonmember,low,few or none,54.68
386,56b85772,nonmember,low,few or none,45.95
387,4b6b0386,nonmember,low,few or none,18.54
388,872329bf,nonmember,low,few or none,62.76
389,8a837ccc,nonmember,low,few or none,11.61
390,c94de59d,nonmember,low,few or none,22.38
391,d7812356,nonmember,high,many,61.89
392,98cd818e,nonmember,low,few or none,51.23
393,6bcf0eaf,member,low,few or none,235.68
394,d8fc2b8a,nonmember,high,many,58.14
395,6315f6cb,nonmember,low,many,49.93
396,f2ade119,member,high,many,30.15
397,49d0650e,nonmember,low,few or none,34.43
398,deac0b05,nonmember,high,many,50.6
399,c3a1319f,nonmember,low,few or none,30.97
400,43d371ab,member,high,many,73.8
401,eca5de12,nonmember,low,few or none,36.68
402,ed681ea8,nonmember,low,few or none,13.21
403,7a646c8c,nonmember,high,few or none,20.78
404,e3a4cb10,nonmember,high,many,63.2
405,60968eb9,nonmember,low,few or none,25.52
406,f4bb5356,nonmember,low,few or none,69.02
407,2a9616d2,nonmember,low,few or none,22.26
408,c8285903,nonmember,low,few or none,42.26
409,3fe1d7e9,member,high,many,121.9
410,dc571e67,nonmember,low,few or none,38.15
411,d034715d,nonmember,low,few or none,4.41
412,cde9061b,nonmember,low,few or none,19.97
413,ce047029,nonmember,low,few or none,34.99
414,ff48665a,nonmember,low,few or none,27.33
415,71f9e932,nonmember,low,few or none,19.93
416,c7b0e7c3,nonmember,high,many,58.28
417,ff62dff9,member,low,many,166.38
418,1c193161,nonmember,low,few or none,51.33
419,d1c21b44,nonmember,low,few or none,30.71
420,364aaf5c,nonmember,low,few or none,21.89
421,f64705bc,nonmember,low,few or none,34.51
422,a87ba165,nonmember,low,few or none,54.54
423,b0b600e0,nonmember,low,few or none,12.36
424,3fd767ec,nonmember,low,few or none,55.77
425,f83a2023,nonmember,high,many,50.36
426,1c09474c,nonmember,low,few or none,58.56
427,8da9f506,nonmember,high,many,60.8
428,e89640a6,nonmember,low,few or none,86.31
429,5027f1a8,member,high,many,239.31
430,822ee0b4,nonmember,low,few or none,54.59
431,c4536726,nonmember,low,few or none,77.3
432,0cfa6b7a,nonmember,high,few or none,18.93
433,2612c5e8,nonmember,low,few or none,74.73
434,d2cabe32,nonmember,low,few or none,81.78
435,9aa61ed1,member,high,many,164.66
436,9f2f2f25,nonmember,high,many,58.21
437,9b203b30,nonmember,high,many,43.98
438,6aadb6c8,nonmember,low,few or none,58.68
439,77fa9b63,nonmember,low,few or none,63.23
440,fd7af349,member,high,few or none,217.78
441,8c8cd899,member,high,few or none,228.72
442,4da0bcc7,nonmember,low,few or none,45.57
443,a48d794b,member,high,many,137.68
444,d49f5b77,member,high,many,103.58
445,75f2e200,nonmember,low,few or none,33.29
446,e173177b,member,high,many,133.0
447,9bce8303,nonmember,high,many,57.46
448,ce938933,nonmember,low,few or none,76.77
449,4c323109,member,high,many,45.76
450,2ff81148,nonmember,low,few or none,72.26
451,119051ba,nonmember,low,few or none,45.17
452,ae9721d2,member,high,few or none,239.97
453,d2631204,nonmember,low,few or none,50.2
454,f9c6f190,nonmember,low,few or none,17.07
455,3ad48704,nonmember,high,few or none,43.52
456,e22bbed2,nonmember,low,few or none,34.41
457,a2bf2693,member,high,many,38.81
458,3d57712f,nonmember,high,many,52.39
459,6060a9e8,nonmember,low,few or none,64.07
460,69ecd30b,member,high,many,212.82
461,15d2db41,nonmember,low,few or none,58.13
462,6c65b2b4,nonmember,low,few or none,23.21
463,2a16a51e,member,high,many,131.24
464,5ef5b4d9,member,high,many,201.13
465,bf6e38ac,nonmember,low,few or none,74.9
466,0f5fbf59,member,high,few or none,223.61
467,aa52c65f,member,high,many,34.66
468,7afe2fec,nonmember,high,many,50.91
469,765fd804,member,low,few or none,226.29
470,1d90f16f,nonmember,low,few or none,28.65
471,2bcb85f5,nonmember,high,few or none,32.37
472,eba92cc9,nonmember,low,few or none,41.18
473,1958ba45,nonmember,low,few or none,25.4
474,0e80285e,nonmember,low,few or none,42.4
475,3c139263,nonmember,low,few or none,7.47
476,15687706,member,high,few or none,226.3
477,064f7e4c,nonmember,low,few or none,20.55
478,824e3e5f,nonmember,low,few or none,36.39
479,64672c8e,member,high,many,128.44
480,715acf80,nonmember,high,many,53.67
481,4ce3ac9f,member,high,many,96.64
482,bfd31e8f,nonmember,low,few or none,66.12
483,8e987227,nonmember,low,few or none,49.45
484,a40cb247,nonmember,low,few or none,39.16
485,9f25861f,nonmember,low,few or none,65.95
486,ec3b926a,nonmember,low,few or none,21.81
487,fe7bab7d,nonmember,high,many,56.13
488,9d3562f9,nonmember,high,many,59.18
489,ec2a6f1f,nonmember,high,many,50.29
490,0b3378ee,member,low,few or none,223.2
491,ec734045,member,high,few or none,230.38
492,6f55f956,nonmember,high,many,51.2
493,6766db07,nonmember,low,few or none,41.22
494,eeb7eca9,nonmember,low,few or none,45.8
495,8fd316c6,member,low,few or none,225.54
496,40c05540,nonmember,low,few or none,62.82
497,b7b09847,nonmember,low,few or none,42.55
498,e65250a9,nonmember,high,many,66.79
499,ae052279,member,low,many,180.73
500,f160f591,nonmember,low,few or none,84.75
501,b305bcfa,member,high,many,107.74
502,9284eb4a,member,high,few or none,222.95
503,10eed365,nonmember,low,few or none,38.36
504,2575e5dc,nonmember,high,many,63.63
505,f62896af,member,high,many,118.81
506,d3d4b19a,member,low,few or none,220.0
507,3ed535d0,nonmember,low,few or none,83.72
508,fb0c8b35,nonmember,low,few or none,75.57
509,d1fd1ff8,nonmember,high,many,57.02
510,3836a9fb,nonmember,low,few or none,60.29
511,8875e73f,nonmember,high,many,62.41
512,d2bdbb66,nonmember,low,many,44.76
513,3b63ceac,nonmember,low,few or none,25.78
514,b1d8af2a,nonmember,low,few or none,65.93
515,fecf2bb0,nonmember,high,many,45.98
516,9a127383,nonmember,high,few or none,36.03
517,567395d7,member,high,few or none,226.72
518,2a602d2f,nonmember,low,few or none,4.04
519,f16e81f6,member,low,few or none,225.12
520,4451a508,nonmember,high,many,67.1
521,6621f76d,nonmember,low,few or none,37.39
522,42dc451a,member,low,few or none,226.1
523,be240216,nonmember,high,many,60.1
524,4bafe2e9,nonmember,low,few or none,26.93
525,a237983a,nonmember,low,few or none,6.55
526,e46cb221,nonmember,low,few or none,5.37
527,0d0d9f23,nonmember,low,few or none,77.67
528,23227578,nonmember,low,few or none,65.61
529,4276acc2,nonmember,low,many,52.13
530,28233141,member,high,few or none,225.21
531,8a050944,nonmember,low,few or none,49.96
532,f795a260,nonmember,low,few or none,71.07
533,11406cf7,nonmember,low,few or none,29.11
534,fac3bf63,nonmember,low,few or none,67.31
535,ef39aee2,nonmember,low,few or none,76.98
536,22fe352f,nonmember,low,many,59.72
537,f821647d,nonmember,low,few or none,53.73
538,65d8cc67,nonmember,high,few or none,49.62
539,bc57ce70,nonmember,low,many,59.84
540,a094deb6,nonmember,low,few or none,52.83
541,ec7ef809,nonmember,low,few or none,31.07
542,17ca7c9c,member,high,many,127.41
543,6dc22d34,nonmember,low,few or none,38.25
544,15aac08e,nonmember,low,few or none,42.12
545,a342ac48,nonmember,low,few or none,44.51
546,ca8ea995,member,high,many,4.47
547,d2b4d49f,member,high,many,65.06
548,3c087ab8,nonmember,low,few or none,60.64
549,4c2b3570,nonmember,low,few or none,17.51
550,12492df5,member,high,many,11.48
551,5e7fffda,nonmember,low,few or none,7.84
552,795c5874,nonmember,low,few or none,65.31
553,afdf082a,member,high,many,42.98
554,d65d2990,nonmember,low,few or none,49.19
555,6a7cde77,nonmember,high,many,53.63
556,dce3ae21,nonmember,high,few or none,32.75
557,484aebec,nonmember,low,few or none,39.36
558,675af8e6,nonmember,low,few or none,30.59
559,d8625658,nonmember,low,few or none,45.46
560,ae7ed5d4,member,high,many,39.59
561,ea462419,nonmember,low,few or none,45.13
562,31aa5756,nonmember,high,few or none,32.4
563,d5327781,nonmember,low,few or none,80.28
564,3b13b606,nonmember,low,few or none,41.46
565,d51be50a,nonmember,high,few or none,33.01
566,d52d31ee,nonmember,low,many,44.44
567,b2da6bbf,member,high,few or none,227.65
568,b048cfce,nonmember,low,few or none,64.5
569,1f2be407,nonmember,high,many,51.1
570,162f83c8,member,high,few or none,226.13
571,8a1ca63a,nonmember,low,few or none,72.31
572,091044ef,nonmember,high,many,51.69
573,d3139798,nonmember,low,few or none,43.99
574,d4fdf6c7,nonmember,low,many,60.62
575,f2cf75de,nonmember,low,few or none,3.71
576,0ed6e360,nonmember,low,few or none,51.23
577,4360a76d,nonmember,low,few or none,48.47
578,d5534e23,nonmember,high,many,56.48
579,0f37c788,nonmember,low,few or none,49.58
580,71f5d9e5,nonmember,high,many,59.75
581,d586975b,nonmember,low,few or none,32.18
582,cdb9c7a1,member,high,many,86.55
583,72403e35,nonmember,low,few or none,49.73
584,99fe8909,nonmember,low,few or none,13.71
585,71f38c8c,nonmember,low,many,55.18
586,8d3e4bc7,member,high,many,59.65
587,0886c90c,member,high,many,157.66
588,c85e8a0b,nonmember,low,few or none,22.56
589,2ab7f5d5,nonmember,low,few or none,18.6
590,d84197f1,member,high,many,209.08
591,ff61ed89,nonmember,low,few or none,47.2
592,6c0f9673,member,low,few or none,222.44
593,69dd4eec,nonmember,low,few or none,17.03
594,4e33c0e3,member,high,few or none,214.08
595,1ec91b1b,nonmember,low,few or none,49.89
596,9428c9b3,nonmember,low,few or none,41.28
597,12d87924,nonmember,low,few or none,68.53
598,36384f57,nonmember,low,many,53.9
599,10437be4,member,high,many,108.07
600,3f58df8b,nonmember,high,many,56.09
601,d0b323d4,nonmember,low,few or none,49.61
602,66c5a5e3,nonmember,low,many,53.87
603,d2ce2575,nonmember,high,many,62.74
604,69374e68,nonmember,low,many,61.33
605,cecf83bd,nonmember,high,many,50.42
606,2e6e809e,nonmember,low,few or none,19.79
607,4c71a798,nonmember,low,few or none,41.2
608,9982cee6,nonmember,low,few or none,49.91
609,49ce63ac,nonmember,low,few or none,6.49
610,716fdca4,nonmember,low,few or none,35.07
611,8c9972a1,nonmember,low,few or none,63.2
612,50f20fa8,nonmember,low,few or none,12.21
613,8324bb07,member,high,many,187.0
614,f6dc409a,nonmember,low,many,54.83
615,6b1a0f70,member,low,few or none,216.02
616,4556b4c7,nonmember,low,few or none,85.46
617,245af6bd,member,high,many,66.82
618,ebcd1e55,nonmember,low,few or none,34.82
619,37020b3b,nonmember,low,few or none,19.51
620,0624acfc,nonmember,low,few or none,78.21
621,0698fe65,nonmember,low,few or none,40.86
622,fcd72987,member,high,many,150.43
623,fad67985,member,low,few or none,225.82
624,4d079399,nonmember,low,few or none,78.36
625,b33a82d1,member,high,many,241.69
626,155c7707,nonmember,high,many,50.04
627,670bfad0,member,high,few or none,215.28
628,ba32e604,nonmember,low,few or none,18.3
629,49ed683b,nonmember,low,few or none,34.07
630,aa2bacb6,nonmember,low,few or none,40.12
631,21f69db7,nonmember,low,few or none,46.51
632,c9f98f75,member,low,few or none,223.84
633,5e07abcf,nonmember,high,many,63.62
634,86e5b5cd,nonmember,low,few or none,53.13
635,3be601eb,nonmember,low,few or none,52.24
636,eb53a12d,member,high,many,106.36
637,033f1fbd,nonmember,low,few or none,9.38
638,bc49f008,member,low,few or none,235.18
639,2d42b708,member,low,few or none,216.52
640,9759f8d6,nonmember,low,few or none,21.4
641,edd0def5,member,high,many,157.05
642,246e4924,member,high,few or none,226.3
643,dd3c746f,nonmember,low,few or none,51.96
644,73abd9d1,member,high,many,127.79
645,a168dbe8,nonmember,low,few or none,75.03
646,587a9bce,member,high,few or none,224.67
647,e5c0aa46,nonmember,low,few or none,52.28
648,73dba6c7,member,low,few or none,220.67
649,05d58e8a,nonmember,low,few or none,58.66
650,507e2141,nonmember,high,many,54.88
651,0f4f3c4b,nonmember,low,few or none,40.9
652,04eb9ad1,nonmember,low,few or none,22.25
653,3af77fd6,nonmember,low,few or none,11.44
654,b49981a4,nonmember,high,few or none,13.52
655,bd6d7c7d,member,high,few or none,226.3
656,03318a73,nonmember,low,few or none,31.77
657,597adbad,member,high,many,10.1
658,1a01bf61,nonmember,low,few or none,20.33
659,6eb80106,nonmember,low,few or none,40.31
660,67217e4b,nonmember,low,few or none,7.37
661,d3899e27,nonmember,low,few or none,98.73
662,44e6bb39,nonmember,low,few or none,40.82
663,2c90cc72,member,high,many,8.17
664,2d25a554,member,high,many,162.59
665,639ffedc,member,high,many,152.69
666,c40edae7,nonmember,low,many,56.59
667,9af889ab,member,high,many,161.52
668,e5db81a8,nonmember,low,few or none,80.53
669,fee50365,nonmember,low,few or none,24.58
670,d02e1b1c,nonmember,low,few or none,43.98
671,64df9631,nonmember,low,few or none,27.52
672,48b915c3,nonmember,low,few or none,19.84
673,618c7d4c,member,low,few or none,235.0
674,5767e621,member,high,many,62.55
675,960adb9b,nonmember,low,few or none,32.73
676,fa9ca6db,member,low,few or none,221.59
677,a2067452,nonmember,low,few or none,25.17
678,e36d178b,nonmember,low,few or none,63.65
679,99510836,nonmember,low,few or none,28.27
680,251e09f0,nonmember,high,many,50.15
681,0a649776,member,low,few or none,218.53
682,a54de5ad,nonmember,high,many,54.16
683,4fff0cdf,nonmember,low,few or none,48.25
684,b47d96d6,nonmember,high,few or none,41.29
685,b323c881,member,high,many,120.09
686,aca1326f,nonmember,high,many,54.63
687,c4565aa0,member,high,many,111.06
688,c0a82608,nonmember,low,few or none,30.42
689,780a8d39,nonmember,low,few or none,9.05
690,752e663a,nonmember,low,few or none,9.59
691,19523617,nonmember,high,many,59.41
692,bf465e13,member,high,many,117.7
693,70984b76,nonmember,low,few or none,33.0
694,8e9bdd41,nonmember,low,few or none,57.77
695,b63e5a81,nonmember,low,few or none,55.9
696,55547945,nonmember,low,few or none,22.22
697,8a4b8c36,member,high,many,167.02
698,3ec71cf3,nonmember,high,many,62.34
699,610b3250,nonmember,low,few or none,6.77
700,e2efdc23,nonmember,low,few or none,50.21
701,4b22d7d2,nonmember,low,few or none,72.24
702,1b453464,member,high,many,103.09
703,7ccc3c3b,member,high,many,117.9
704,da2245ae,member,high,many,118.42
705,e3c64871,nonmember,low,few or none,7.66
706,44c7e33d,nonmember,high,many,57.61
707,f14bcc42,member,high,many,158.35
708,0e1d7fd3,nonmember,low,few or none,15.01
709,aff9081d,member,high,many,127.85
710,a61abf3e,member,low,many,130.05
711,d2182fe0,nonmember,low,few or none,21.0
712,0428fec3,member,high,few or none,225.6
713,f59b55b6,member,high,many,91.57
714,850016b0,nonmember,low,few or none,51.33
715,243045d4,member,low,few or none,216.63
716,7abfb548,member,high,many,125.65
717,b4beae17,member,low,few or none,234.02
718,0df7eacb,nonmember,low,few or none,39.93
719,ce8cebbe,nonmember,high,many,61.82
720,4915d868,nonmember,low,few or none,14.25
721,2e5ad14b,nonmember,low,few or none,41.47
722,9fe79f3f,member,low,few or none,222.72
723,04aa961e,member,low,few or none,219.36
724,4fc71309,nonmember,high,many,57.03
725,a36f1384,nonmember,low,few or none,52.02
726,964af323,nonmember,low,few or none,58.61
727,55bb5802,member,high,many,183.25
728,c68ac606,nonmember,high,many,51.26
729,ba3cb4a7,member,low,few or none,234.49
730,c070db08,member,high,few or none,236.03
731,723efc96,nonmember,low,few or none,89.8
732,aebb0aab,nonmember,low,few or none,47.82
733,4736c17a,nonmember,high,many,62.39
734,3fc85d38,member,high,many,157.89
735,e47b768a,nonmember,high,many,54.67
736,5aa62942,member,low,few or none,216.85
737,7c6d805f,nonmember,low,few or none,30.84
738,5bb274c1,nonmember,low,few or none,55.33
739,a8d505ff,nonmember,low,few or none,13.73
740,502b4d9d,member,high,many,113.6
741,d024a064,nonmember,low,few or none,5.6
742,d1658e56,nonmember,low,few or none,51.01
743,f7f8a791,member,high,many,75.1
744,9e60f060,nonmember,low,few or none,52.11
745,ef284636,nonmember,low,many,66.29
746,506495b0,member,high,few or none,221.48
747,45fe9aed,nonmember,low,few or none,33.17
748,5898f5fe,nonmember,low,few or none,69.37
749,732e8099,nonmember,low,few or none,37.84
750,71dc32ed,member,low,few or none,227.23
751,468dbc63,member,low,few or none,227.69
752,f6a842af,nonmember,high,few or none,33.72
753,1774d898,member,low,few or none,228.31
754,db274331,member,high,many,165.97
755,0188e03f,nonmember,low,few or none,18.59
756,242b0735,nonmember,low,many,57.03
757,e2c53bcb,nonmember,high,many,56.73
758,88d2b4d3,member,high,many,291.7
759,f0a724d0,member,low,few or none,216.27
760,a0ea6f63,nonmember,high,few or none,29.63
761,fddcef17,nonmember,low,few or none,69.8
762,f7d76321,nonmember,high,many,57.21
763,38e0ea0a,nonmember,high,many,57.17
764,d0b4a363,nonmember,low,few or none,1.38
765,ed051e91,nonmember,low,many,52.36
766,180f1ff3,nonmember,low,few or none,68.15
767,0042b232,member,high,many,305.01
768,adebf23e,member,low,many,92.02
769,5669a392,member,high,many,115.93
770,4e8b90a0,nonmember,low,few or none,15.67
771,9d12c423,nonmember,low,few or none,70.31
772,337bd7ef,nonmember,low,few or none,8.0
773,ed1dda0d,nonmember,low,few or none,56.6
774,b37d9c35,nonmember,low,few or none,87.78
775,10ca0b8d,nonmember,high,many,57.9
776,7264dce6,member,high,many,72.13
777,14cbb4a0,member,high,few or none,224.9
778,93248435,nonmember,high,many,53.78
779,5c7b7a99,member,high,many,144.58
780,9b52095f,nonmember,low,few or none,17.25
781,8a3392b2,nonmember,low,few or none,47.29
782,ee8408f3,nonmember,low,few or none,69.94
783,6a8336ed,nonmember,low,few or none,57.76
784,6b8b0b83,member,high,few or none,225.27
785,3fe227cd,member,high,many,172.29
786,2dcce668,nonmember,high,many,55.23
787,ed4fcf76,nonmember,high,many,55.75
788,7be16dd1,nonmember,high,many,52.44
789,3343d1e2,nonmember,low,few or none,47.35
790,344bf74f,member,high,many,109.93
791,7787e469,nonmember,low,few or none,15.1
792,3f9c85e8,nonmember,low,few or none,47.52
793,97874ea9,nonmember,low,few or none,30.11
794,0c5bb988,nonmember,low,many,52.22
795,98289228,nonmember,low,few or none,32.95
796,87db4569,member,high,many,172.86
797,68e8de22,nonmember,low,few or none,36.95
798,9b3422cc,nonmember,low,few or none,39.43
799,4be2ca55,member,high,many,221.66
800,d53d6059,member,high,many,107.39
801,979b12dc,member,high,few or none,221.39
802,5163f0d2,member,high,many,131.73
803,7064be67,member,high,many,113.21
804,6a1d0c45,nonmember,low,few or none,17.32
805,09697628,nonmember,high,many,45.91
806,f16b7462,nonmember,low,few or none,12.8
807,3ade5c6f,nonmember,low,few or none,9.0
808,545ccc6c,nonmember,low,many,59.34
809,db8e9701,nonmember,high,many,63.24
810,b8af674f,nonmember,low,few or none,35.36
811,d70eb3c3,nonmember,low,few or none,62.63
812,675d960d,nonmember,high,many,55.89
813,d94c18e5,nonmember,low,few or none,15.3
814,40ed0b8d,nonmember,low,many,52.63
815,e2a7fe90,nonmember,low,few or none,32.22
816,2ffb5f1d,nonmember,low,few or none,50.62
817,645a2d4a,nonmember,low,few or none,2.42
818,bf4d97e4,nonmember,low,few or none,24.08
819,1c347d0a,member,high,many,107.55
820,a2558f5b,nonmember,low,few or none,0.44
821,2a9b3b86,nonmember,high,many,50.07
822,c2b64588,nonmember,low,many,63.65
823,d118dd38,member,high,many,149.69
824,787a8e22,nonmember,low,few or none,23.08
825,a1de2fcf,member,high,many,47.27
826,1aab6f9d,member,high,many,129.75
827,d5e8b6c9,member,low,few or none,225.18
828,5d2919f8,nonmember,low,few or none,1.17
829,574d4d7c,nonmember,low,few or none,19.79
830,896f8ad4,member,low,few or none,219.1
831,061ef017,nonmember,low,few or none,45.7
832,c8236e28,nonmember,low,few or none,21.46
833,c9bcb3f9,nonmember,low,few or none,81.15
834,6377f6da,nonmember,low,few or none,44.7
835,8701fa6c,nonmember,low,few or none,43.46
836,9ade595b,nonmember,low,few or none,21.61
837,061fca0c,nonmember,low,few or none,27.2
838,d05a3723,nonmember,high,many,60.53
839,60cfc43c,nonmember,low,few or none,49.83
840,3865208f,member,high,many,208.11
841,15f119b2,nonmember,high,few or none,67.92
842,1058211b,nonmember,low,many,44.93
843,29c04fd6,nonmember,low,few or none,57.09
844,603fedea,member,low,few or none,224.85
845,ef523271,nonmember,low,few or none,32.36
846,b8636c01,nonmember,high,many,58.11
847,8cc1e291,nonmember,low,few or none,20.1
848,cf7820a0,nonmember,low,few or none,6.61
849,07b3979f,nonmember,low,few or none,48.06
850,0b9bd699,nonmember,high,many,53.92
851,ffc53990,nonmember,low,few or none,29.38
852,d0ccd401,nonmember,low,few or none,72.86
853,59fe7546,member,high,many,71.38
854,fbab54cd,nonmember,low,many,62.19
855,79185e44,nonmember,low,few or none,27.27
856,f6f93059,member,low,few or none,222.53
857,8390cd6d,member,high,few or none,215.23
858,86341db2,nonmember,high,many,53.33
859,cb2381cc,nonmember,low,few or none,21.28
860,4637f3c2,nonmember,low,few or none,10.45
861,5d97a3ec,nonmember,low,few or none,38.49
862,338c70d2,member,high,few or none,216.3
863,37eefd24,nonmember,low,few or none,22.94
864,2c9cca2e,nonmember,high,many,57.12
865,2cbbf11b,member,high,many,73.25
866,7fcabfd3,member,high,many,25.88
867,ccb43c0e,member,high,few or none,219.89
868,b6cba826,member,high,many,189.25
869,b7b3a97e,member,high,few or none,222.42
870,99320c21,nonmember,low,few or none,2.47
871,2919e929,nonmember,low,few or none,53.36
872,273cbdb8,nonmember,low,few or none,57.49
873,ed0348ed,nonmember,high,many,55.34
874,b1867ede,nonmember,low,few or none,16.79
875,9271b032,nonmember,low,many,48.01
876,fbdbfe09,nonmember,low,few or none,38.51
877,a1286bd0,nonmember,low,few or none,52.84
878,bb38fb3b,nonmember,low,few or none,31.73
879,dd2c6706,nonmember,low,many,59.44
880,a84fe514,member,high,few or none,222.63
881,9d574fd0,nonmember,low,few or none,50.99
882,fa6b0276,nonmember,low,few or none,16.72
883,28630142,nonmember,low,few or none,20.7
884,11005c0d,nonmember,high,many,55.4
885,9de333e1,member,high,few or none,229.09
886,40a6b0eb,member,high,many,152.5
887,98e20060,member,low,few or none,223.85
888,5add3781,nonmember,low,many,56.63
889,df974851,nonmember,low,many,51.15
890,b8989a87,nonmember,high,many,57.71
891,859a23e6,nonmember,low,few or none,8.89
892,ce6769e9,nonmember,low,few or none,19.99
893,879e4779,member,low,few or none,219.41
894,3b3c86b1,nonmember,low,few or none,7.21
895,e5999a09,nonmember,low,few or none,13.87
896,0d3bbaaf,nonmember,low,few or none,19.93
897,925d65ec,member,low,few or none,224.78
898,08f04e45,member,high,many,145.83
899,ed14e5dc,member,high,many,65.73
900,1ab96501,member,high,many,113.74
901,bc846eba,nonmember,high,many,63.87
902,41b47774,nonmember,low,few or none,4.39
903,22d56429,nonmember,low,few or none,31.59
904,aa12eb35,nonmember,low,few or none,2.42
905,14ae6ee1,nonmember,low,few or none,57.59
906,835610bd,nonmember,low,few or none,1.89
907,50e77fec,nonmember,low,few or none,22.64
908,0eb09616,nonmember,low,few or none,43.81
909,687cd3c1,member,low,few or none,229.49
910,a243b82a,member,high,many,193.14
911,f6d942d5,nonmember,low,few or none,28.41
912,b3795721,nonmember,low,few or none,25.86
913,63db7e9a,member,low,few or none,224.16
914,d5221cdd,member,high,many,106.07
915,d5127fcf,member,high,many,146.14
916,2c9506db,member,high,few or none,222.77
917,bc81b954,member,high,many,128.29
918,6bf2935c,nonmember,low,few or none,63.45
919,04e1f13a,nonmember,low,many,51.44
920,5ce7ee96,member,high,many,136.21
921,bab7bc9a,member,high,many,76.98
922,e84a235c,nonmember,low,few or none,28.33
923,938c7db0,member,high,many,51.17
924,822f8ae6,nonmember,low,few or none,32.28
925,e9d047cb,nonmember,low,few or none,61.81
926,f2689b7f,nonmember,low,few or none,71.77
927,2b74d227,nonmember,high,many,44.45
928,a9f0eddb,nonmember,high,many,52.31
929,e211ff56,member,high,many,163.24
930,bfd213a7,nonmember,low,few or none,2.51
931,0c9f7788,member,high,many,177.47
932,1128a55b,nonmember,low,many,59.63
933,78ac694b,nonmember,low,few or none,29.53
934,f7b3ba1c,nonmember,low,few or none,22.32
935,68ef2865,member,high,many,149.86
936,49d126c7,nonmember,high,many,57.44
937,56c9abdd,nonmember,low,few or none,87.02
938,59af868d,nonmember,high,many,56.2
939,768089f9,nonmember,low,few or none,34.58
940,975aed0c,nonmember,low,few or none,36.07
941,98df39c2,nonmember,low,few or none,46.75
942,c296d1df,nonmember,low,few or none,34.35
943,93ec32ca,nonmember,low,few or none,58.94
944,b2e7572e,member,high,few or none,220.84
945,ada7bc24,nonmember,low,few or none,7.52
946,3b2057ca,member,low,few or none,235.47
947,f3613428,nonmember,low,few or none,24.44
948,75ecc814,nonmember,low,few or none,40.11
949,c1b182c5,nonmember,low,few or none,47.51
950,e03ec8fc,nonmember,low,few or none,43.64
951,05828f18,member,high,many,13.09
952,88bdffec,nonmember,low,few or none,21.62
953,d96bd5cd,nonmember,low,few or none,68.23
954,4536d68c,nonmember,low,few or none,17.36
955,777cd076,nonmember,low,few or none,15.33
956,634b769c,member,high,few or none,227.08
957,e23a6d30,nonmember,low,few or none,32.79
958,32d6e734,nonmember,low,few or none,15.76
959,5b6927c5,nonmember,low,few or none,68.01
960,dc59b569,nonmember,low,few or none,12.37
961,51cecb91,nonmember,low,few or none,36.59
962,66ee22c1,nonmember,low,few or none,13.69
963,5963076d,nonmember,low,few or none,73.2
964,3fe79a06,nonmember,low,few or none,42.68
965,a0f92336,nonmember,low,few or none,50.0
966,aac965e9,member,high,few or none,218.91
967,b1d695fc,nonmember,low,few or none,97.58
968,4fc9c396,nonmember,low,few or none,18.91
969,27247aa8,nonmember,high,many,64.09
970,85fceb3f,nonmember,low,few or none,38.0
971,6139ccfd,nonmember,low,few or none,0.55
972,73bac1cf,member,high,many,96.33
973,102aa91c,nonmember,low,few or none,49.53
974,6ff24052,nonmember,low,few or none,40.1
975,9b751122,nonmember,low,few or none,26.17
976,1f8cca61,nonmember,low,few or none,34.09
977,20d5e501,member,high,many,222.69
978,50566aef,nonmember,low,few or none,13.3
979,7a23c17d,member,high,many,148.68
980,c189fd35,nonmember,low,few or none,1.41
981,9396a9ed,nonmember,low,few or none,40.41
982,7143b3a7,member,high,many,201.34
983,e4156b22,member,high,few or none,218.24
984,ecb25b5e,nonmember,high,many,52.19
985,3228349f,nonmember,low,few or none,44.16
986,e682152f,nonmember,low,few or none,38.91
987,2e614c20,nonmember,low,few or none,60.43
988,2ec92a77,nonmember,high,many,55.98
989,a3f82f7d,member,high,many,115.72
990,b60ad0e9,nonmember,low,many,54.46
991,ea1de683,nonmember,high,many,55.57
992,8a1ddaef,member,high,many,125.17
993,116a916c,nonmember,low,many,49.72
994,3e37e700,nonmember,low,few or none,44.49
995,25c62aad,member,high,many,82.86
996,a82aed10,member,high,many,129.91
997,35da2a33,nonmember,high,few or none,32.78
998,68c955bd,nonmember,low,few or none,28.08
999,a8327830,nonmember,low,few or none,74.18
